"Term","Partition","Community","Count"
"1495","16","Walktrap",1
"2001fn","41","Walktrap",1
"2005","34","Walktrap",1
"2008","14","Walktrap",1
"2008","42","Walktrap",1
"2009","16","Spinglass",1
"2009","42","Walktrap",1
"2010","12","Fastgreedy",1
"2010","12","Walktrap",1
"2010","7","Spinglass",1
"24","32","Walktrap",1
"4500","18","Walktrap",1
"740000","37","Walktrap",1
"911","8","Walktrap",1
"abandon","13","Fastgreedy",1
"ability","2","Walktrap",1
"aboriginal","44","Walktrap",4
"abroad","10","Fastgreedy",1
"abroad","43","Walktrap",1
"abuses","21","Walktrap",1
"access","18","Walktrap",1
"accords","30","Walktrap",1
"accountable","14","Walktrap",1
"accuracy","46","Walktrap",1
"action","17","Walktrap",1
"action","18","Walktrap",1
"action","39","Walktrap",1
"action","46","Walktrap",1
"action","7","Fastgreedy",1
"action","8","Spinglass",1
"activists","21","Walktrap",1
"activists","26","Walktrap",1
"actors","2","Fastgreedy",1
"actors","32","Walktrap",1
"actors","46","Walktrap",3
"acts","19","Walktrap",1
"acts","3","Fastgreedy",1
"acts","32","Walktrap",1
"adaptation","11","Walktrap",1
"adaptation","13","Spinglass",1
"addition","37","Walktrap",1
"additional","16","Spinglass",1
"additional","29","Walktrap",1
"address","13","Fastgreedy",1
"address","15","Walktrap",1
"address","27","Walktrap",1
"address","32","Walktrap",1
"adjustment","10","Walktrap",1
"administration","1","Fastgreedy",1
"administration","26","Walktrap",1
"administration","29","Walktrap",1
"administration","8","Walktrap",1
"administrations","26","Walktrap",1
"admissibility","1","Walktrap",1
"admittedly","13","Fastgreedy",1
"admittedly","15","Walktrap",1
"adopting","15","Walktrap",1
"adoption","1","Walktrap",1
"advance","21","Walktrap",1
"advocates","10","Walktrap",1
"afford","4","Walktrap",1
"afghan","34","Walktrap",1
"africa","18","Walktrap",1
"african","18","Walktrap",1
"african","22","Walktrap",1
"agents","47","Walktrap",3
"aggressive","17","Walktrap",1
"agreement","39","Walktrap",1
"agreement","6","Fastgreedy",1
"agreements","38","Walktrap",1
"agreements","39","Walktrap",1
"agreements","5","Spinglass",1
"ahead","10","Walktrap",1
"alfred","41","Walktrap",2
"all the citizens of the united states were victims of the crimes perpetrated by mr mcveigh","41","Walktrap",1
"allies","42","Walktrap",1
"allowing","1","Spinglass",1
"alternative","4","Walktrap",1
"altogether","13","Fastgreedy",1
"altogether","15","Walktrap",1
"amendment","26","Walktrap",1
"amendments","18","Walktrap",1
"america","34","Walktrap",1
"american","0","Spinglass",1
"american","12","Fastgreedy",1
"american","12","Walktrap",1
"american","24","Walktrap",1
"american","34","Walktrap",1
"american","37","Walktrap",1
"american","42","Walktrap",1
"american","7","Spinglass",1
"americas","10","Fastgreedy",1
"americas","30","Walktrap",1
"americas","43","Walktrap",1
"amounts","32","Walktrap",1
"analyses","18","Walktrap",1
"analysis","0","Spinglass",1
"analysis","10","Fastgreedy",1
"analysis","10","Spinglass",1
"analysis","11","Fastgreedy",1
"analysis","12","Spinglass",1
"analysis","13","Walktrap",1
"analysis","15","Spinglass",1
"analysis","30","Walktrap",3
"analysis","36","Walktrap",1
"analysis","43","Walktrap",1
"analysis","5","Walktrap",1
"analysis","7","Walktrap",1
"analysis","8","Fastgreedy",1
"analyzes","10","Fastgreedy",1
"analyzes","37","Walktrap",1
"analyzes","43","Walktrap",1
"and","2","Fastgreedy",1
"andor","18","Walktrap",1
"annual","12","Fastgreedy",1
"annual","12","Walktrap",1
"annual","18","Walktrap",1
"annual","7","Spinglass",1
"ante","14","Fastgreedy",1
"ante","31","Walktrap",1
"anthropological","34","Walktrap",1
"anticipatory","30","Walktrap",1
"application","2","Fastgreedy",1
"application","9","Spinglass",1
"apply","3","Spinglass",1
"apply","9","Fastgreedy",1
"approach","16","Spinglass",1
"approach","29","Walktrap",1
"arbitration","13","Walktrap",1
"arbitration","15","Spinglass",1
"arbitration","3","Fastgreedy",2
"arbitration","4","Walktrap",1
"arbitration","6","Fastgreedy",1
"argentines","30","Walktrap",1
"argues","2","Fastgreedy",1
"argument","14","Spinglass",1
"argument","9","Walktrap",1
"arises","13","Spinglass",1
"arizona","14","Spinglass",1
"arizona","9","Walktrap",1
"armament","13","Spinglass",1
"armament","14","Fastgreedy",1
"armament","31","Walktrap",1
"armed","0","Walktrap",1
"armed","1","Fastgreedy",2
"armed","11","Spinglass",2
"armed","12","Fastgreedy",1
"armed","12","Walktrap",1
"armed","32","Walktrap",1
"armed","45","Walktrap",4
"armed","7","Spinglass",1
"armed","7","Walktrap",1
"arms","0","Fastgreedy",1
"arms","0","Spinglass",1
"arms","16","Walktrap",1
"arms","37","Walktrap",2
"arrangements","16","Spinglass",1
"article","0","Fastgreedy",2
"article","0","Spinglass",1
"article","0","Walktrap",1
"article","1","Fastgreedy",3
"article","1","Spinglass",2
"article","1","Walktrap",2
"article","10","Fastgreedy",2
"article","10","Spinglass",2
"article","10","Walktrap",1
"article","11","Spinglass",2
"article","12","Spinglass",1
"article","13","Fastgreedy",1
"article","13","Walktrap",1
"article","14","Spinglass",4
"article","14","Walktrap",2
"article","15","Spinglass",1
"article","15","Walktrap",1
"article","18","Walktrap",1
"article","19","Walktrap",1
"article","2","Fastgreedy",4
"article","2","Walktrap",2
"article","21","Walktrap",1
"article","26","Walktrap",1
"article","3","Spinglass",3
"article","3","Walktrap",1
"article","32","Walktrap",2
"article","34","Walktrap",2
"article","36","Walktrap",1
"article","37","Walktrap",4
"article","39","Walktrap",1
"article","4","Spinglass",3
"article","4","Walktrap",2
"article","41","Walktrap",1
"article","42","Walktrap",1
"article","43","Walktrap",2
"article","44","Walktrap",1
"article","46","Walktrap",1
"article","6","Fastgreedy",3
"article","6","Spinglass",1
"article","6","Walktrap",2
"article","7","Fastgreedy",1
"article","7","Walktrap",2
"article","8","Fastgreedy",1
"article","8","Spinglass",3
"article","8","Walktrap",2
"article","9","Fastgreedy",3
"article","9","Spinglass",1
"article","9","Walktrap",4
"asian","16","Spinglass",1
"aspect","32","Walktrap",1
"asserts","14","Spinglass",1
"asserts","2","Fastgreedy",1
"asserts","9","Walktrap",1
"assess","6","Walktrap",1
"asset","29","Walktrap",1
"assistance","20","Walktrap",1
"associated","16","Spinglass",1
"associated","29","Walktrap",1
"associated","44","Walktrap",1
"asymmetric","14","Fastgreedy",1
"asymmetric","31","Walktrap",1
"asymmetrical","32","Walktrap",1
"attack","1","Walktrap",1
"attacks","12","Fastgreedy",1
"attacks","12","Walktrap",1
"attacks","2","Spinglass",2
"attacks","35","Walktrap",2
"attacks","7","Spinglass",1
"attacks","9","Spinglass",1
"attempt","3","Spinglass",1
"attempt","8","Walktrap",1
"attempt","9","Fastgreedy",1
"attributes","39","Walktrap",1
"aut","10","Fastgreedy",1
"aut","43","Walktrap",1
"available","2","Walktrap",1
"avoiding","14","Fastgreedy",1
"avoiding","31","Walktrap",1
"balanced","13","Spinglass",1
"balanced","14","Fastgreedy",1
"balanced","31","Walktrap",1
"based","16","Walktrap",1
"battle","24","Walktrap",1
"battlefield","12","Fastgreedy",1
"battlefield","12","Walktrap",1
"battlefield","7","Spinglass",1
"belligerent","32","Walktrap",1
"beyond","4","Walktrap",1
"bias","1","Walktrap",1
"bias","10","Walktrap",1
"bias","20","Walktrap",1
"bilateral","0","Spinglass",1
"bilateral","16","Walktrap",1
"binding","11","Walktrap",1
"binding","13","Spinglass",1
"binding","19","Walktrap",1
"binding","5","Fastgreedy",1
"board","2","Walktrap",1
"book","6","Walktrap",1
"bread","14","Spinglass",1
"bread","9","Walktrap",1
"brings","14","Fastgreedy",1
"brings","31","Walktrap",1
"british","12","Spinglass",1
"british","36","Walktrap",1
"british","8","Fastgreedy",1
"brittan","26","Walktrap",1
"building","28","Walktrap",1
"building","41","Walktrap",1
"bush","8","Walktrap",1
"calculations","37","Walktrap",1
"call","24","Walktrap",1
"campaign","39","Walktrap",1
"camps","11","Fastgreedy",1
"camps","5","Walktrap",1
"canada","42","Walktrap",1
"canada","44","Walktrap",1
"canadian","44","Walktrap",2
"canonical","27","Walktrap",1
"capabilities","24","Walktrap",1
"capacity","27","Walktrap",1
"capital","0","Spinglass",1
"capital","16","Walktrap",1
"capitalist","16","Walktrap",1
"carbon","11","Walktrap",1
"carbon","13","Spinglass",1
"carbon","25","Walktrap",4
"cco","14","Walktrap",1
"central","11","Walktrap",1
"central","13","Spinglass",1
"central","18","Walktrap",1
"centrist","14","Fastgreedy",1
"centrist","31","Walktrap",1
"century","23","Walktrap",1
"cfius","2","Walktrap",1
"challenge","1","Walktrap",1
"chance","17","Walktrap",1
"change","0","Walktrap",1
"change","11","Walktrap",1
"change","13","Spinglass",1
"change","18","Walktrap",1
"change","5","Fastgreedy",1
"change","9","Spinglass",1
"changes","10","Walktrap",1
"changes","25","Walktrap",1
"changing","32","Walktrap",1
"charter","10","Fastgreedy",1
"charter","43","Walktrap",1
"charter","8","Spinglass",1
"china","42","Walktrap",1
"chinas","12","Spinglass",1
"chinas","36","Walktrap",1
"chinas","8","Fastgreedy",1
"chracterization","32","Walktrap",1
"circumstances","27","Walktrap",1
"citing","10","Walktrap",1
"citizens","10","Walktrap",1
"civil","13","Spinglass",1
"civil","14","Fastgreedy",1
"civil","17","Walktrap",1
"civil","20","Walktrap",1
"civil","27","Walktrap",1
"civil","31","Walktrap",1
"civil","47","Walktrap",2
"civil","6","Spinglass",2
"civil","7","Fastgreedy",2
"civilian","12","Fastgreedy",1
"civilian","12","Walktrap",1
"civilian","17","Walktrap",1
"civilian","3","Spinglass",1
"civilian","6","Spinglass",1
"civilian","7","Fastgreedy",1
"civilian","7","Spinglass",1
"civilian","8","Walktrap",1
"civilian","9","Fastgreedy",1
"civilians","11","Spinglass",1
"civilians","45","Walktrap",1
"civilians","7","Walktrap",1
"civilizational","16","Walktrap",1
"climate","0","Walktrap",1
"climate","11","Walktrap",2
"climate","13","Spinglass",2
"climate","18","Walktrap",2
"climate","5","Fastgreedy",1
"climate","9","Spinglass",1
"closest","42","Walktrap",1
"codes","18","Walktrap",1
"collaborative","14","Walktrap",1
"collective","18","Walktrap",1
"color","40","Walktrap",1
"combat","12","Fastgreedy",1
"combat","12","Walktrap",1
"combat","7","Spinglass",1
"combatants","10","Fastgreedy",1
"combatants","43","Walktrap",1
"combination","40","Walktrap",1
"commission","22","Walktrap",1
"commit","3","Spinglass",1
"commit","8","Walktrap",1
"commit","9","Fastgreedy",1
"communication","14","Fastgreedy",1
"communication","31","Walktrap",1
"communications","13","Walktrap",1
"communications","15","Spinglass",1
"communications","3","Fastgreedy",1
"communities","13","Fastgreedy",1
"communities","33","Walktrap",2
"community","26","Walktrap",1
"community","3","Spinglass",1
"community","9","Fastgreedy",1
"companies","2","Spinglass",1
"companies","35","Walktrap",1
"companies","38","Walktrap",1
"companies","5","Spinglass",1
"comparative","8","Spinglass",1
"compared","34","Walktrap",1
"compensation","6","Walktrap",1
"competing","10","Walktrap",1
"complex","44","Walktrap",1
"compliance","10","Spinglass",1
"compliance","19","Walktrap",1
"compliance","3","Fastgreedy",1
"compliance","39","Walktrap",1
"computing","1","Walktrap",1
"concede","10","Walktrap",1
"concentration","40","Walktrap",1
"concept","12","Spinglass",1
"concept","36","Walktrap",1
"concept","8","Fastgreedy",1
"concessions","17","Walktrap",1
"concludes","8","Walktrap",1
"conditions","2","Spinglass",1
"conditions","35","Walktrap",1
"conduct","45","Walktrap",2
"conference","12","Spinglass",1
"conference","36","Walktrap",1
"conflict","0","Spinglass",1
"conflict","1","Fastgreedy",1
"conflict","1","Walktrap",1
"conflict","11","Fastgreedy",3
"conflict","11","Spinglass",1
"conflict","12","Spinglass",1
"conflict","13","Spinglass",1
"conflict","13","Walktrap",1
"conflict","14","Fastgreedy",3
"conflict","14","Spinglass",1
"conflict","15","Spinglass",1
"conflict","20","Walktrap",1
"conflict","27","Walktrap",1
"conflict","29","Walktrap",1
"conflict","3","Fastgreedy",2
"conflict","3","Walktrap",1
"conflict","31","Walktrap",3
"conflict","32","Walktrap",1
"conflict","36","Walktrap",1
"conflict","39","Walktrap",1
"conflict","45","Walktrap",2
"conflict","5","Walktrap",3
"conflict","7","Walktrap",1
"conflict","8","Fastgreedy",2
"conflict","8","Spinglass",1
"conflict","9","Walktrap",1
"conflicts","33","Walktrap",1
"consensus","28","Walktrap",1
"consensus","6","Fastgreedy",1
"consequence","23","Walktrap",1
"consequences","10","Walktrap",2
"consequentialist","3","Spinglass",1
"consequentialist","9","Fastgreedy",1
"considered","34","Walktrap",1
"considered","46","Walktrap",1
"consolidated","2","Walktrap",1
"constitutional","11","Spinglass",1
"constitutional","7","Walktrap",1
"constitutive","32","Walktrap",1
"constitutive","46","Walktrap",1
"consumption","23","Walktrap",2
"contested","47","Walktrap",2
"context","14","Spinglass",1
"context","25","Walktrap",2
"context","4","Walktrap",1
"context","9","Walktrap",1
"continued","16","Spinglass",1
"continued","29","Walktrap",1
"contract","4","Walktrap",1
"contracting culture","4","Walktrap",1
"contributions","16","Spinglass",1
"control","1","Walktrap",1
"control","13","Fastgreedy",1
"control","33","Walktrap",1
"convention","37","Walktrap",1
"conversation","24","Walktrap",1
"cooperation","11","Walktrap",1
"cooperation","13","Spinglass",1
"cooperation","16","Spinglass",1
"corporate","18","Walktrap",1
"corporate","7","Fastgreedy",1
"corporations","14","Walktrap",1
"corrective","39","Walktrap",2
"corruption","2","Walktrap",1
"costs","11","Fastgreedy",1
"costs","5","Walktrap",1
"council","3","Walktrap",1
"council","46","Walktrap",1
"council","8","Spinglass",1
"counternarratives","15","Walktrap",2
"counterpiracy","42","Walktrap",1
"countries","0","Fastgreedy",1
"countries","0","Spinglass",2
"countries","14","Fastgreedy",1
"countries","14","Spinglass",1
"countries","16","Spinglass",1
"countries","16","Walktrap",3
"countries","17","Walktrap",1
"countries","18","Walktrap",1
"countries","29","Walktrap",1
"countries","3","Walktrap",1
"countries","31","Walktrap",1
"countries","6","Spinglass",1
"countries","7","Fastgreedy",1
"countries","9","Walktrap",1
"country","14","Walktrap",1
"country","17","Walktrap",1
"country","6","Spinglass",1
"country","7","Fastgreedy",1
"coups","26","Walktrap",1
"coups","27","Walktrap",1
"court","13","Walktrap",1
"court","15","Spinglass",1
"court","22","Walktrap",3
"court","3","Spinglass",1
"court","44","Walktrap",2
"court","6","Walktrap",1
"court","9","Fastgreedy",1
"courts","3","Spinglass",1
"courts","4","Spinglass",1
"courts","4","Walktrap",3
"courts","44","Walktrap",2
"courts","8","Walktrap",1
"courts","9","Fastgreedy",1
"coventry","19","Walktrap",1
"coventry","3","Fastgreedy",1
"create","28","Walktrap",1
"credible","16","Spinglass",1
"credible","29","Walktrap",1
"credibly","24","Walktrap",1
"crime","19","Walktrap",1
"crime","3","Fastgreedy",1
"crime","3","Spinglass",1
"crime","8","Walktrap",1
"crime","9","Fastgreedy",1
"crimes","0","Walktrap",1
"crimes","12","Fastgreedy",1
"crimes","12","Walktrap",1
"crimes","7","Spinglass",1
"criminal","7","Walktrap",1
"crises","14","Walktrap",1
"crises","2","Walktrap",1
"crisis","14","Spinglass",1
"crisis","2","Walktrap",1
"crisis","6","Spinglass",1
"crisis","7","Fastgreedy",1
"crisis","9","Walktrap",1
"critical","8","Fastgreedy",1
"crosscountry","5","Walktrap",1
"culture","12","Spinglass",1
"culture","36","Walktrap",1
"current","34","Walktrap",1
"current","6","Fastgreedy",1
"current","6","Walktrap",1
"customary","19","Walktrap",1
"cyber","1","Spinglass",1
"cyber","1","Walktrap",2
"darfur","39","Walktrap",1
"data","0","Spinglass",1
"data","11","Fastgreedy",2
"data","16","Walktrap",1
"data","2","Spinglass",1
"data","35","Walktrap",1
"data","5","Walktrap",1
"days","42","Walktrap",1
"dealing","12","Spinglass",1
"dealing","36","Walktrap",1
"dealing","8","Fastgreedy",1
"death","3","Spinglass",1
"death","41","Walktrap",1
"death","8","Walktrap",1
"death","9","Fastgreedy",1
"deaths","12","Fastgreedy",1
"deaths","12","Walktrap",1
"deaths","7","Spinglass",1
"debate","11","Spinglass",1
"decisions","44","Walktrap",2
"decrease","28","Walktrap",1
"defendant","3","Spinglass",1
"defendant","8","Walktrap",1
"defendant","9","Fastgreedy",1
"defense","2","Spinglass",1
"defense","35","Walktrap",1
"definition","0","Fastgreedy",1
"definition","0","Walktrap",1
"definition","9","Spinglass",2
"degree","20","Walktrap",1
"degree","47","Walktrap",1
"democracy","16","Spinglass",1
"democracy","17","Walktrap",1
"democracy","20","Walktrap",1
"democracy","29","Walktrap",1
"democracy","46","Walktrap",1
"democracy","6","Spinglass",1
"democracy","7","Fastgreedy",1
"democratizing","20","Walktrap",1
"demographic","40","Walktrap",2
"demonstrate","20","Walktrap",1
"demonstrates","34","Walktrap",1
"dependence","16","Walktrap",1
"derive","7","Fastgreedy",1
"described","30","Walktrap",1
"destinies","42","Walktrap",1
"detainees","3","Spinglass",1
"detainees","8","Walktrap",1
"detainees","9","Fastgreedy",1
"detention","7","Walktrap",1
"determinants","27","Walktrap",1
"deterrence","42","Walktrap",2
"developed","24","Walktrap",1
"developed","29","Walktrap",1
"development","13","Walktrap",1
"development","15","Spinglass",1
"dictators","16","Spinglass",1
"dictators","29","Walktrap",1
"differs","25","Walktrap",1
"difficult","23","Walktrap",1
"diligence","41","Walktrap",3
"direct","27","Walktrap",1
"direct","32","Walktrap",1
"discourses","13","Fastgreedy",1
"discourses","15","Walktrap",1
"discussion","12","Fastgreedy",1
"discussion","12","Walktrap",1
"discussion","7","Spinglass",1
"disputants","20","Walktrap",4
"dispute","1","Spinglass",1
"dispute","1","Walktrap",1
"dispute","30","Walktrap",1
"dispute","4","Walktrap",1
"dispute","44","Walktrap",3
"dispute","6","Fastgreedy",1
"dispute","6","Walktrap",1
"disputes","13","Walktrap",1
"disputes","15","Spinglass",1
"distinct","40","Walktrap",1
"distinguished","40","Walktrap",1
"distortion","8","Walktrap",1
"distribution","18","Walktrap",1
"divided","30","Walktrap",1
"domestic","1","Fastgreedy",1
"domestic","10","Spinglass",1
"domestic","11","Fastgreedy",1
"domestic","11","Walktrap",1
"domestic","13","Walktrap",1
"domestic","15","Spinglass",1
"domestic","5","Walktrap",1
"dramatic","45","Walktrap",2
"duty","1","Spinglass",1
"duty","10","Walktrap",1
"earth","23","Walktrap",1
"east","4","Spinglass",1
"east","40","Walktrap",1
"economic","0","Fastgreedy",1
"economic","0","Spinglass",1
"economic","10","Spinglass",1
"economic","11","Fastgreedy",2
"economic","13","Fastgreedy",1
"economic","16","Spinglass",1
"economic","17","Walktrap",1
"economic","2","Spinglass",1
"economic","27","Walktrap",3
"economic","3","Walktrap",1
"economic","35","Walktrap",1
"economic","5","Walktrap",1
"economic","6","Spinglass",1
"economic","6","Walktrap",1
"economic","7","Fastgreedy",1
"economy","47","Walktrap",1
"education","0","Spinglass",1
"education","11","Fastgreedy",2
"education","5","Walktrap",1
"effect","2","Spinglass",1
"effect","35","Walktrap",1
"effective","16","Spinglass",1
"effective","4","Walktrap",1
"effective","6","Fastgreedy",1
"effects","10","Walktrap",1
"electoral","17","Walktrap",1
"electoral","34","Walktrap",1
"elements","4","Spinglass",1
"elements","46","Walktrap",1
"embargoes","37","Walktrap",1
"empirical","30","Walktrap",1
"empiricism","30","Walktrap",1
"empowerment","21","Walktrap",1
"energy","23","Walktrap",2
"enforcement","1","Spinglass",1
"enforcement","10","Spinglass",1
"enforcement","24","Walktrap",1
"enforcement","4","Walktrap",2
"enforcement","6","Fastgreedy",1
"enforcement","6","Walktrap",1
"enforcing","4","Walktrap",1
"entropy","23","Walktrap",1
"equity","29","Walktrap",1
"essay","1","Fastgreedy",1
"essay","11","Spinglass",1
"essay","12","Fastgreedy",1
"essay","12","Walktrap",1
"essay","7","Spinglass",1
"estimates","27","Walktrap",1
"estonia","1","Walktrap",1
"ethnic","10","Fastgreedy",1
"ethnic","43","Walktrap",1
"ethnic","8","Spinglass",1
"european","2","Walktrap",1
"european","6","Fastgreedy",1
"evidence","14","Fastgreedy",1
"evidence","2","Walktrap",1
"evidence","21","Walktrap",1
"evidence","31","Walktrap",1
"evidence","6","Spinglass",1
"evidence","7","Fastgreedy",1
"exact","41","Walktrap",1
"examines","2","Fastgreedy",1
"examines","32","Walktrap",2
"examines","37","Walktrap",2
"examines","38","Walktrap",1
"examines","4","Spinglass",1
"examines","5","Fastgreedy",1
"examines","5","Spinglass",1
"example","14","Spinglass",1
"example","9","Walktrap",1
"exchange","2","Walktrap",1
"excuse","3","Spinglass",1
"excuse","8","Walktrap",1
"excuse","9","Fastgreedy",1
"existential","12","Spinglass",1
"existential","36","Walktrap",1
"existential","8","Fastgreedy",1
"existing","0","Spinglass",1
"existing","11","Fastgreedy",2
"existing","5","Walktrap",2
"existing","6","Walktrap",1
"exit","19","Walktrap",1
"exit","3","Fastgreedy",1
"experienced","14","Spinglass",1
"experienced","9","Walktrap",1
"experts","2","Walktrap",1
"extraction","13","Spinglass",1
"extraction","14","Fastgreedy",2
"extraction","31","Walktrap",2
"factions","2","Spinglass",1
"factions","35","Walktrap",1
"factors","33","Walktrap",1
"famine","16","Walktrap",1
"federal","10","Fastgreedy",1
"federal","43","Walktrap",1
"field","45","Walktrap",1
"fighting","12","Spinglass",1
"fighting","14","Fastgreedy",1
"fighting","31","Walktrap",1
"fighting","36","Walktrap",1
"fighting","8","Fastgreedy",1
"financial","16","Spinglass",1
"firm","2","Walktrap",1
"first","47","Walktrap",1
"focus","30","Walktrap",1
"followers","13","Fastgreedy",1
"forbids","37","Walktrap",1
"force","11","Spinglass",1
"force","19","Walktrap",1
"force","2","Fastgreedy",1
"force","3","Fastgreedy",1
"force","3","Walktrap",1
"force","32","Walktrap",1
"force","4","Spinglass",2
"force","42","Walktrap",1
"force","7","Walktrap",1
"foreign","10","Fastgreedy",1
"foreign","2","Walktrap",2
"foreign","43","Walktrap",1
"forest","11","Walktrap",2
"forest","13","Spinglass",1
"forms","14","Walktrap",1
"found","16","Spinglass",1
"fraction","47","Walktrap",1
"framework","3","Walktrap",1
"framework","33","Walktrap",1
"framework","8","Spinglass",1
"free","30","Walktrap",1
"freedom","46","Walktrap",1
"french","17","Walktrap",1
"function","47","Walktrap",1
"fundamental","3","Spinglass",1
"fundamental","9","Fastgreedy",1
"furthermore","28","Walktrap",1
"gain","2","Spinglass",1
"gain","35","Walktrap",1
"game","16","Spinglass",1
"game","25","Walktrap",1
"gamut","28","Walktrap",1
"gases","13","Spinglass",1
"gatt","6","Walktrap",1
"gaza","12","Fastgreedy",2
"gaza","12","Walktrap",2
"gaza","7","Spinglass",2
"genocide","10","Fastgreedy",3
"genocide","3","Spinglass",2
"genocide","37","Walktrap",2
"genocide","43","Walktrap",3
"genocide","8","Walktrap",2
"genocide","9","Fastgreedy",2
"geoid","23","Walktrap",1
"german","13","Walktrap",1
"german","15","Spinglass",1
"ghraib","39","Walktrap",1
"global","1","Fastgreedy",1
"global","11","Spinglass",1
"global","11","Walktrap",1
"global","12","Fastgreedy",1
"global","12","Walktrap",1
"global","14","Walktrap",1
"global","25","Walktrap",4
"global","28","Walktrap",1
"global","40","Walktrap",1
"global","7","Spinglass",1
"global","7","Walktrap",1
"goods","47","Walktrap",2
"governance","18","Walktrap",1
"governing","19","Walktrap",1
"government","1","Spinglass",1
"government","13","Spinglass",1
"government","14","Fastgreedy",1
"government","26","Walktrap",1
"government","31","Walktrap",1
"government","4","Spinglass",1
"government","7","Walktrap",1
"governments","15","Walktrap",1
"governments","17","Walktrap",1
"governments","38","Walktrap",1
"governments","5","Fastgreedy",1
"governments","5","Spinglass",1
"governments","6","Spinglass",1
"governments","7","Fastgreedy",1
"gross","22","Walktrap",1
"guatemala","44","Walktrap",1
"guide","24","Walktrap",1
"hamas","34","Walktrap",1
"harmonised","22","Walktrap",1
"haute","41","Walktrap",1
"health","11","Fastgreedy",1
"health","5","Walktrap",1
"history","34","Walktrap",1
"hostilities","12","Fastgreedy",1
"hostilities","12","Walktrap",1
"hostilities","7","Spinglass",1
"house","27","Walktrap",1
"however","4","Walktrap",2
"however","44","Walktrap",1
"human","0","Fastgreedy",1
"human","0","Spinglass",1
"human","0","Walktrap",1
"human","1","Fastgreedy",1
"human","10","Spinglass",1
"human","11","Spinglass",1
"human","12","Spinglass",2
"human","13","Fastgreedy",2
"human","14","Walktrap",2
"human","15","Walktrap",2
"human","19","Walktrap",1
"human","21","Walktrap",3
"human","22","Walktrap",2
"human","3","Walktrap",1
"human","36","Walktrap",2
"human","37","Walktrap",1
"human","38","Walktrap",5
"human","45","Walktrap",1
"human","5","Fastgreedy",5
"human","5","Spinglass",5
"human","6","Spinglass",1
"human","7","Fastgreedy",1
"human","7","Walktrap",1
"human","8","Fastgreedy",2
"human","8","Spinglass",1
"human","8","Walktrap",1
"human","9","Spinglass",1
"humanitarian","14","Spinglass",2
"humanitarian","2","Fastgreedy",1
"humanitarian","32","Walktrap",1
"humanitarian","6","Walktrap",1
"humanitarian","9","Walktrap",2
"hypothesis","16","Walktrap",1
"icsid","30","Walktrap",1
"idea","42","Walktrap",1
"ie","6","Walktrap",1
"impact","2","Fastgreedy",1
"impact","2","Spinglass",2
"impact","22","Walktrap",1
"impact","27","Walktrap",1
"impact","35","Walktrap",2
"impartiality","13","Walktrap",1
"impartiality","15","Spinglass",1
"implications","30","Walktrap",2
"incidence","27","Walktrap",1
"including","21","Walktrap",2
"incorporation","13","Walktrap",1
"incorporation","15","Spinglass",1
"incorporation","3","Fastgreedy",1
"increase","23","Walktrap",2
"india","39","Walktrap",1
"indirect","27","Walktrap",1
"inefficiency","11","Walktrap",1
"inequality","5","Walktrap",1
"influence","21","Walktrap",1
"information","10","Spinglass",1
"information","20","Walktrap",3
"information","6","Walktrap",1
"ingroup","10","Walktrap",1
"insights","47","Walktrap",1
"instability","40","Walktrap",1
"institutional","22","Walktrap",3
"institutions","29","Walktrap",1
"institutions","38","Walktrap",2
"institutions","5","Fastgreedy",1
"institutions","5","Spinglass",2
"institutions","6","Spinglass",1
"intent","10","Fastgreedy",1
"intent","43","Walktrap",1
"international","0","Fastgreedy",3
"international","0","Walktrap",5
"international","1","Fastgreedy",3
"international","1","Spinglass",3
"international","1","Walktrap",2
"international","10","Spinglass",5
"international","11","Spinglass",4
"international","11","Walktrap",2
"international","12","Spinglass",1
"international","13","Fastgreedy",2
"international","13","Spinglass",1
"international","13","Walktrap",3
"international","14","Spinglass",3
"international","15","Spinglass",3
"international","15","Walktrap",4
"international","18","Walktrap",1
"international","19","Walktrap",5
"international","2","Fastgreedy",5
"international","20","Walktrap",1
"international","25","Walktrap",1
"international","26","Walktrap",4
"international","3","Fastgreedy",4
"international","3","Spinglass",2
"international","3","Walktrap",4
"international","30","Walktrap",1
"international","32","Walktrap",3
"international","34","Walktrap",1
"international","36","Walktrap",1
"international","39","Walktrap",2
"international","4","Spinglass",4
"international","41","Walktrap",2
"international","45","Walktrap",1
"international","46","Walktrap",4
"international","5","Fastgreedy",1
"international","6","Fastgreedy",2
"international","6","Walktrap",2
"international","7","Walktrap",3
"international","8","Spinglass",4
"international","8","Walktrap",2
"international","9","Fastgreedy",2
"international","9","Spinglass",4
"international","9","Walktrap",3
"internet","24","Walktrap",1
"invasion","10","Fastgreedy",1
"invasion","43","Walktrap",1
"investment","1","Spinglass",1
"investment","1","Walktrap",1
"investment","16","Walktrap",1
"investment","30","Walktrap",1
"investment","6","Fastgreedy",1
"iraq","3","Walktrap",1
"iraq","8","Spinglass",1
"iraqi","10","Fastgreedy",1
"iraqi","43","Walktrap",1
"israel","12","Fastgreedy",1
"israel","12","Walktrap",1
"israel","26","Walktrap",1
"israel","7","Spinglass",1
"israeli","12","Fastgreedy",1
"israeli","12","Walktrap",1
"israeli","2","Spinglass",2
"israeli","26","Walktrap",1
"israeli","35","Walktrap",2
"israeli","7","Spinglass",1
"israels","19","Walktrap",1
"israels","3","Fastgreedy",1
"japan","10","Fastgreedy",1
"japan","43","Walktrap",1
"japanese","10","Fastgreedy",1
"japanese","43","Walktrap",1
"journalists","0","Walktrap",1
"journalists","9","Spinglass",1
"juridical","30","Walktrap",1
"justice","1","Walktrap",1
"justice","16","Spinglass",1
"justice","21","Walktrap",1
"justice","29","Walktrap",1
"killing","11","Spinglass",1
"killings","13","Spinglass",1
"killings","14","Fastgreedy",1
"killings","31","Walktrap",1
"knowledge","0","Spinglass",1
"knowledge","11","Fastgreedy",1
"knowledge","5","Walktrap",1
"kosovar","26","Walktrap",1
"kosovo","2","Fastgreedy",1
"kosovo","26","Walktrap",1
"kosovo","4","Spinglass",1
"latin","4","Walktrap",1
"law","19","Walktrap",1
"law","33","Walktrap",1
"law","45","Walktrap",1
"laws","1","Fastgreedy",1
"laws","19","Walktrap",1
"leaders","28","Walktrap",2
"leaders","6","Fastgreedy",1
"leadership","14","Walktrap",2
"leadership","28","Walktrap",3
"learn","28","Walktrap",1
"legal","0","Fastgreedy",1
"legal","0","Walktrap",2
"legal","1","Fastgreedy",3
"legal","1","Spinglass",2
"legal","10","Spinglass",2
"legal","11","Spinglass",1
"legal","13","Fastgreedy",1
"legal","13","Walktrap",2
"legal","14","Spinglass",1
"legal","15","Spinglass",2
"legal","19","Walktrap",1
"legal","2","Fastgreedy",3
"legal","21","Walktrap",1
"legal","24","Walktrap",2
"legal","26","Walktrap",2
"legal","3","Fastgreedy",1
"legal","30","Walktrap",2
"legal","33","Walktrap",3
"legal","38","Walktrap",1
"legal","4","Spinglass",2
"legal","44","Walktrap",1
"legal","46","Walktrap",2
"legal","5","Spinglass",1
"legal","6","Fastgreedy",1
"legal","7","Walktrap",3
"legal","9","Spinglass",3
"legal","9","Walktrap",1
"legalization","39","Walktrap",2
"legalizing","39","Walktrap",1
"legally","11","Walktrap",1
"legislation","6","Walktrap",1
"legislative","28","Walktrap",1
"legitimacy","2","Fastgreedy",1
"level","28","Walktrap",2
"levels","13","Spinglass",1
"levels","14","Fastgreedy",1
"levels","31","Walktrap",1
"liberal","16","Spinglass",1
"liberal","29","Walktrap",1
"local","38","Walktrap",1
"local","5","Fastgreedy",1
"local","5","Spinglass",1
"main","27","Walktrap",1
"makes","6","Spinglass",1
"makes","7","Fastgreedy",1
"malay","12","Spinglass",1
"malay","36","Walktrap",1
"malay","8","Fastgreedy",1
"malaya","12","Spinglass",1
"malaya","36","Walktrap",1
"malaya","8","Fastgreedy",1
"management","11","Walktrap",1
"market","14","Spinglass",1
"market","9","Walktrap",1
"masculinities","14","Spinglass",1
"masculinities","9","Walktrap",1
"mass","13","Spinglass",1
"mass","14","Fastgreedy",1
"mass","31","Walktrap",1
"material","26","Walktrap",1
"mathematical","37","Walktrap",1
"means","34","Walktrap",1
"measures","23","Walktrap",1
"mediation","12","Spinglass",1
"mediation","20","Walktrap",4
"mediation","36","Walktrap",1
"mediation","8","Fastgreedy",1
"mediators","20","Walktrap",3
"medium","24","Walktrap",1
"meters","23","Walktrap",1
"mexican","37","Walktrap",1
"military","1","Fastgreedy",2
"military","11","Spinglass",2
"military","12","Fastgreedy",1
"military","12","Walktrap",1
"military","17","Walktrap",1
"military","24","Walktrap",1
"military","27","Walktrap",1
"military","29","Walktrap",1
"military","3","Walktrap",1
"military","45","Walktrap",2
"military","6","Spinglass",1
"military","6","Walktrap",1
"military","7","Fastgreedy",1
"military","7","Spinglass",1
"military","7","Walktrap",2
"milosevic","10","Fastgreedy",1
"milosevic","43","Walktrap",1
"mine","44","Walktrap",1
"missile","42","Walktrap",2
"missions","46","Walktrap",1
"mncs","18","Walktrap",1
"mobilized","45","Walktrap",1
"model","17","Walktrap",1
"model","27","Walktrap",3
"model","3","Walktrap",1
"model","47","Walktrap",1
"model","6","Spinglass",2
"model","7","Fastgreedy",1
"moderate","2","Spinglass",1
"moderate","35","Walktrap",1
"modern","4","Walktrap",1
"modern","6","Fastgreedy",1
"monetary","6","Walktrap",1
"morbidity","11","Fastgreedy",1
"morbidity","5","Walktrap",1
"mortality","16","Walktrap",1
"motivates","33","Walktrap",1
"movement","8","Fastgreedy",1
"multiple","14","Fastgreedy",1
"multiple","31","Walktrap",1
"muslim","0","Fastgreedy",1
"muslim","13","Fastgreedy",1
"muslim","15","Walktrap",1
"muslim","16","Walktrap",1
"muslim","8","Fastgreedy",1
"narratives","14","Spinglass",1
"narratives","9","Walktrap",1
"national","1","Fastgreedy",1
"national","1","Walktrap",1
"national","10","Spinglass",1
"national","25","Walktrap",1
"national","38","Walktrap",2
"national","5","Fastgreedy",1
"national","5","Spinglass",2
"national","6","Walktrap",1
"nations","3","Walktrap",1
"nations","8","Spinglass",1
"natural","14","Fastgreedy",1
"natural","2","Walktrap",1
"natural","31","Walktrap",1
"nature","41","Walktrap",1
"naval","42","Walktrap",1
"necessity","3","Spinglass",1
"necessity","8","Walktrap",1
"necessity","9","Fastgreedy",1
"negative","10","Walktrap",1
"negative","16","Spinglass",1
"negative","29","Walktrap",1
"negotiation","44","Walktrap",1
"news","13","Walktrap",1
"news","15","Spinglass",1
"news","3","Fastgreedy",1
"ninety","42","Walktrap",1
"nonaggressive","17","Walktrap",1
"nondemocratic","17","Walktrap",1
"nonetheless","24","Walktrap",1
"nonstate","41","Walktrap",1
"nonviolence","37","Walktrap",1
"norm","8","Fastgreedy",1
"norms","39","Walktrap",1
"norms","6","Walktrap",1
"norms","8","Spinglass",1
"notion","1","Spinglass",1
"notion","1","Walktrap",1
"notion","6","Fastgreedy",1
"notoriously","25","Walktrap",1
"nuclear","42","Walktrap",1
"obligation","41","Walktrap",3
"obligations","19","Walktrap",1
"obligations","38","Walktrap",1
"obligations","5","Spinglass",1
"occupation","29","Walktrap",1
"ocean","23","Walktrap",1
"oceans","42","Walktrap",1
"oklahoma","41","Walktrap",1
"operations","3","Walktrap",1
"opportunities","21","Walktrap",1
"organizations","14","Walktrap",1
"outgroup","10","Walktrap",1
"outlive","33","Walktrap",1
"pakistan","12","Fastgreedy",2
"pakistan","12","Walktrap",2
"pakistan","39","Walktrap",2
"pakistan","7","Spinglass",2
"palestinian","1","Spinglass",1
"palestinian","2","Spinglass",1
"palestinian","34","Walktrap",1
"palestinian","35","Walktrap",1
"paper","0","Fastgreedy",1
"paper","0","Walktrap",2
"paper","1","Fastgreedy",1
"paper","10","Fastgreedy",1
"paper","10","Spinglass",1
"paper","11","Fastgreedy",1
"paper","11","Walktrap",2
"paper","12","Spinglass",3
"paper","13","Spinglass",1
"paper","13","Walktrap",1
"paper","15","Spinglass",1
"paper","21","Walktrap",1
"paper","27","Walktrap",1
"paper","30","Walktrap",2
"paper","32","Walktrap",1
"paper","36","Walktrap",3
"paper","4","Spinglass",1
"paper","43","Walktrap",1
"paper","6","Spinglass",1
"paper","7","Fastgreedy",2
"paper","8","Fastgreedy",2
"paper","8","Spinglass",1
"paper","9","Spinglass",1
"paramilitaries","17","Walktrap",1
"participation","11","Walktrap",1
"participation","28","Walktrap",1
"particular","40","Walktrap",1
"parties","17","Walktrap",1
"peace","16","Spinglass",1
"peace","27","Walktrap",1
"peace","29","Walktrap",1
"peace","3","Walktrap",1
"peace","38","Walktrap",1
"peace","5","Spinglass",1
"peace","8","Spinglass",1
"peacebuilding","46","Walktrap",1
"penalty","3","Spinglass",1
"penalty","8","Walktrap",1
"penalty","9","Fastgreedy",1
"people","1","Spinglass",1
"people","10","Walktrap",1
"perceived","10","Walktrap",1
"performance","5","Walktrap",1
"persons","13","Walktrap",1
"persons","15","Spinglass",1
"persons","3","Fastgreedy",1
"perspective","14","Walktrap",1
"phenomenological","12","Spinglass",1
"phenomenological","36","Walktrap",1
"planet","23","Walktrap",1
"policy","0","Walktrap",1
"policy","10","Fastgreedy",1
"policy","10","Walktrap",2
"policy","24","Walktrap",1
"policy","25","Walktrap",1
"policy","43","Walktrap",1
"policy","8","Spinglass",1
"policymakers","45","Walktrap",1
"political","0","Fastgreedy",2
"political","0","Spinglass",2
"political","1","Spinglass",1
"political","10","Spinglass",1
"political","13","Fastgreedy",1
"political","14","Walktrap",1
"political","16","Walktrap",3
"political","17","Walktrap",2
"political","2","Spinglass",1
"political","20","Walktrap",1
"political","28","Walktrap",2
"political","3","Walktrap",2
"political","33","Walktrap",2
"political","35","Walktrap",1
"political","42","Walktrap",1
"political","5","Walktrap",1
"political","6","Spinglass",2
"political","7","Fastgreedy",2
"populations","40","Walktrap",1
"post","46","Walktrap",1
"power","11","Walktrap",1
"power","17","Walktrap",1
"power","24","Walktrap",1
"power","6","Spinglass",1
"practice","46","Walktrap",1
"preemptive","42","Walktrap",1
"presentation","28","Walktrap",1
"press","34","Walktrap",1
"previously","40","Walktrap",1
"prices","27","Walktrap",1
"prices","29","Walktrap",1
"primary","23","Walktrap",2
"private","13","Spinglass",1
"private","14","Fastgreedy",1
"private","31","Walktrap",1
"private","38","Walktrap",1
"private","5","Spinglass",1
"process","1","Fastgreedy",1
"process","44","Walktrap",1
"produces","2","Walktrap",1
"production","47","Walktrap",1
"profiling","24","Walktrap",1
"programmes","38","Walktrap",1
"programmes","5","Fastgreedy",1
"programmes","5","Spinglass",1
"prohibition","32","Walktrap",1
"promises","33","Walktrap",1
"protection","22","Walktrap",2
"provide","21","Walktrap",3
"provisions","4","Walktrap",1
"public","1","Spinglass",1
"public","26","Walktrap",1
"public","28","Walktrap",1
"public","38","Walktrap",1
"public","4","Spinglass",1
"public","5","Fastgreedy",1
"public","5","Spinglass",1
"publicgoods","25","Walktrap",3
"pursuing","16","Spinglass",1
"pursuing","29","Walktrap",1
"question","15","Walktrap",1
"question","9","Spinglass",1
"radiation","23","Walktrap",1
"rajahs","8","Fastgreedy",1
"rapid","40","Walktrap",2
"reaching","40","Walktrap",1
"rebels","26","Walktrap",1
"recent","3","Walktrap",1
"reconstruction","46","Walktrap",2
"reforms","29","Walktrap",1
"regime","6","Walktrap",1
"regional","3","Walktrap",1
"relations","13","Fastgreedy",1
"relations","33","Walktrap",2
"relationship","2","Walktrap",1
"relative","40","Walktrap",1
"relative","45","Walktrap",1
"relatively","2","Spinglass",1
"relatively","35","Walktrap",1
"reliance","1","Walktrap",1
"reliance","6","Fastgreedy",1
"religion","13","Fastgreedy",1
"religion","33","Walktrap",1
"religion","34","Walktrap",1
"religious","10","Spinglass",1
"religious","13","Fastgreedy",2
"religious","33","Walktrap",2
"religious","37","Walktrap",1
"report","38","Walktrap",2
"report","5","Fastgreedy",1
"report","5","Spinglass",2
"reputation","10","Spinglass",1
"reputation","19","Walktrap",1
"reputation","3","Fastgreedy",1
"resolution","1","Spinglass",1
"resolution","1","Walktrap",1
"resolution","28","Walktrap",1
"resolution","4","Walktrap",1
"resolution","6","Fastgreedy",1
"resource","1","Spinglass",1
"resource","1","Walktrap",1
"resource","2","Walktrap",1
"resource","6","Fastgreedy",1
"response","14","Walktrap",1
"responsibility","14","Walktrap",1
"responsibility","7","Fastgreedy",1
"responsible","14","Walktrap",1
"results","47","Walktrap",1
"review","17","Walktrap",1
"review","18","Walktrap",1
"review","6","Spinglass",1
"revolution","40","Walktrap",1
"revolutions","40","Walktrap",2
"rights","0","Fastgreedy",1
"rights","0","Spinglass",1
"rights","0","Walktrap",1
"rights","1","Fastgreedy",1
"rights","10","Spinglass",1
"rights","11","Spinglass",1
"rights","13","Fastgreedy",1
"rights","14","Walktrap",1
"rights","15","Walktrap",4
"rights","19","Walktrap",1
"rights","22","Walktrap",1
"rights","3","Walktrap",1
"rights","34","Walktrap",1
"rights","37","Walktrap",1
"rights","38","Walktrap",3
"rights","45","Walktrap",1
"rights","5","Fastgreedy",5
"rights","5","Spinglass",3
"rights","7","Walktrap",1
"rights","8","Spinglass",1
"rights","8","Walktrap",1
"rights","9","Spinglass",1
"risk","2","Walktrap",1
"risks","0","Walktrap",1
"role","39","Walktrap",1
"role","4","Spinglass",1
"rotation","23","Walktrap",1
"rule","11","Spinglass",1
"rule","13","Walktrap",1
"rule","15","Spinglass",1
"rule","3","Fastgreedy",1
"rule","7","Walktrap",1
"rules","10","Spinglass",1
"rules","19","Walktrap",1
"rules","3","Fastgreedy",1
"russia","26","Walktrap",1
"saddam","10","Fastgreedy",1
"saddam","43","Walktrap",1
"sanctions","16","Spinglass",1
"sanctions","29","Walktrap",1
"scholars","24","Walktrap",1
"section","26","Walktrap",1
"sector","47","Walktrap",3
"sectors","47","Walktrap",1
"secular","34","Walktrap",1
"secularism","1","Spinglass",1
"secularism","34","Walktrap",1
"secularism","6","Fastgreedy",1
"securities","2","Walktrap",1
"security","0","Fastgreedy",1
"security","0","Spinglass",1
"security","0","Walktrap",1
"security","11","Fastgreedy",1
"security","12","Spinglass",1
"security","3","Walktrap",1
"security","36","Walktrap",1
"security","46","Walktrap",1
"security","5","Walktrap",1
"security","8","Spinglass",1
"security","9","Spinglass",1
"seek","45","Walktrap",1
"seepage","8","Walktrap",1
"selfselection","25","Walktrap",1
"sense","24","Walktrap",1
"separatist","12","Spinglass",1
"separatist","36","Walktrap",1
"separatist","8","Fastgreedy",1
"september","41","Walktrap",1
"september","7","Walktrap",1
"services","5","Fastgreedy",1
"shadow","4","Walktrap",1
"shaming","39","Walktrap",2
"simple","15","Walktrap",1
"single","3","Spinglass",1
"single","9","Fastgreedy",1
"situations","14","Spinglass",1
"situations","9","Walktrap",1
"social","0","Fastgreedy",1
"social","13","Fastgreedy",1
"social","14","Walktrap",1
"social","16","Walktrap",1
"social","2","Walktrap",1
"social","33","Walktrap",1
"social","6","Spinglass",1
"societies","14","Fastgreedy",1
"societies","21","Walktrap",3
"societies","31","Walktrap",1
"south","12","Spinglass",1
"south","36","Walktrap",1
"south","4","Spinglass",1
"south","40","Walktrap",1
"south","8","Fastgreedy",1
"southern","40","Walktrap",1
"spatial","0","Fastgreedy",1
"spatial","0","Spinglass",1
"spatial","16","Walktrap",1
"stability","45","Walktrap",1
"stakeholders","28","Walktrap",1
"standards","5","Fastgreedy",1
"state","13","Fastgreedy",1
"state","33","Walktrap",2
"states","4","Spinglass",1
"stern","18","Walktrap",1
"strategy","42","Walktrap",1
"suicide","0","Fastgreedy",1
"suicide","2","Spinglass",1
"suicide","35","Walktrap",1
"suited","39","Walktrap",1
"support","12","Spinglass",1
"support","2","Fastgreedy",1
"support","21","Walktrap",3
"support","26","Walktrap",1
"support","36","Walktrap",1
"support","4","Spinglass",1
"support","7","Fastgreedy",1
"support","8","Fastgreedy",1
"surface","23","Walktrap",1
"surveillance","24","Walktrap",1
"system","22","Walktrap",3
"system","4","Spinglass",1
"tactics","28","Walktrap",1
"teenagers","2","Spinglass",1
"teenagers","35","Walktrap",1
"temperature","23","Walktrap",2
"terror","0","Fastgreedy",1
"terror","2","Spinglass",2
"terror","35","Walktrap",2
"terror","7","Walktrap",1
"terrorism","0","Fastgreedy",2
"terrorism","0","Spinglass",4
"terrorism","0","Walktrap",2
"terrorism","10","Walktrap",1
"terrorism","11","Fastgreedy",3
"terrorism","13","Fastgreedy",1
"terrorism","15","Walktrap",2
"terrorism","16","Walktrap",1
"terrorism","2","Spinglass",2
"terrorism","24","Walktrap",3
"terrorism","35","Walktrap",2
"terrorism","5","Walktrap",3
"terrorism","9","Spinglass",2
"terrorist","0","Fastgreedy",1
"terrorist","0","Spinglass",1
"terrorist","0","Walktrap",2
"terrorist","11","Fastgreedy",1
"terrorist","11","Spinglass",1
"terrorist","14","Walktrap",1
"terrorist","41","Walktrap",1
"terrorist","5","Walktrap",1
"terrorist","9","Spinglass",2
"terrorists","0","Fastgreedy",1
"terrorists","16","Walktrap",1
"terrorists","2","Spinglass",1
"terrorists","35","Walktrap",1
"text","25","Walktrap",4
"the","1","Spinglass",1
"the","1","Walktrap",1
"the","10","Walktrap",1
"theoretical","47","Walktrap",1
"they","10","Walktrap",1
"threat","33","Walktrap",1
"tools","4","Walktrap",1
"towards","22","Walktrap",2
"trade","10","Spinglass",1
"trade","30","Walktrap",1
"trade","6","Walktrap",1
"traditional","45","Walktrap",1
"transparency","2","Walktrap",1
"treatment","3","Spinglass",1
"treatment","9","Fastgreedy",1
"treaty","1","Spinglass",1
"treaty","11","Walktrap",2
"treaty","13","Spinglass",1
"treaty","37","Walktrap",1
"treaty","6","Fastgreedy",1
"tribunals","13","Walktrap",1
"tribunals","15","Spinglass",1
"trick","15","Walktrap",1
"trying","10","Walktrap",1
"turkey","34","Walktrap",1
"turkey","6","Fastgreedy",1
"turkish","34","Walktrap",1
"twosector","47","Walktrap",1
"uganda","1","Walktrap",1
"uncertainty","20","Walktrap",1
"uncontested","47","Walktrap",1
"understanding","14","Walktrap",1
"unfolding","40","Walktrap",1
"uniform","13","Walktrap",1
"uniform","15","Spinglass",1
"unilateral","10","Spinglass",1
"unilateral","19","Walktrap",1
"unilateral","3","Fastgreedy",1
"unilateral","6","Walktrap",1
"united","1","Fastgreedy",1
"united","13","Walktrap",1
"united","15","Spinglass",1
"united","24","Walktrap",1
"united","3","Fastgreedy",1
"united","3","Walktrap",1
"united","41","Walktrap",1
"united","42","Walktrap",1
"united","5","Fastgreedy",1
"united","8","Spinglass",2
"united","9","Spinglass",1
"us","10","Fastgreedy",1
"us","11","Spinglass",2
"us","11","Walktrap",2
"us","12","Fastgreedy",2
"us","12","Walktrap",2
"us","13","Spinglass",1
"us","4","Spinglass",1
"us","43","Walktrap",1
"us","45","Walktrap",1
"us","7","Spinglass",2
"using","28","Walktrap",1
"victims","41","Walktrap",2
"violations","12","Fastgreedy",1
"violations","12","Walktrap",1
"violations","22","Walktrap",4
"violations","7","Spinglass",1
"violence","33","Walktrap",1
"volcanic","23","Walktrap",1
"wars","17","Walktrap",1
"wars","6","Spinglass",1
"water","18","Walktrap",1
"welfare","11","Fastgreedy",1
"welfare","5","Walktrap",1
"western","1","Spinglass",1
"western","6","Fastgreedy",1
"winning","17","Walktrap",1
"women","14","Spinglass",1
"women","2","Fastgreedy",1
"women","9","Walktrap",1
"womens","34","Walktrap",1
"world","13","Walktrap",1
"world","15","Spinglass",1
"world","16","Walktrap",1
"world","23","Walktrap",1
"world","40","Walktrap",2
"world","6","Spinglass",1
"world","7","Fastgreedy",1
"worst","16","Spinglass",1
"worst","29","Walktrap",1
"zone","12","Fastgreedy",1
"zone","12","Walktrap",1
"zone","7","Spinglass",1
NA,"4","Fastgreedy",1
